<?xml version="1.0" encoding="UTF-8"?>
<project-private xmlns="http://www.netbeans.org/ns/project-private/1">
    <editor-bookmarks xmlns="http://www.netbeans.org/ns/editor-bookmarks/2" lastBookmarkId="0"/>
    <open-files xmlns="http://www.netbeans.org/ns/projectui-open-files/2">
        <group>
            <file>file:/C:/Users/Darsh%20Somayi/Documents/NetBeansProjects/Prog_Part3_POE_ST10288567/src/prog_part3_poe_st10288567/Login.java</file>
            <file>file:/C:/Users/Darsh%20Somayi/Documents/NetBeansProjects/Prog_Part3_POE_ST10288567/src/prog_part3_poe_st10288567/Register.java</file>
            <file>file:/C:/Users/Darsh%20Somayi/Documents/NetBeansProjects/Prog_Part3_POE_ST10288567/test/prog_part3_poe_st10288567/RegisterTest.java</file>
            <file>file:/C:/Users/Darsh%20Somayi/Documents/NetBeansProjects/Prog_Part3_POE_ST10288567/test/prog_part3_poe_st10288567/TaskTest.java</file>
            <file>file:/C:/Users/Darsh%20Somayi/Documents/NetBeansProjects/Prog_Part3_POE_ST10288567/src/prog_part3_poe_st10288567/Task.java</file>
            <file>file:/C:/Users/Darsh%20Somayi/Documents/NetBeansProjects/Prog_Part3_POE_ST10288567/src/prog_part3_poe_st10288567/Prog_Part3_POE_ST10288567.java</file>
        </group>
    </open-files>
</project-private>
